refdes,pin,voltage,current
R10,2,8.394,6.0
C1,2,0.0,-6.0
Q2,3,8.38138,-3.0
Q2,1,0.00941808,3.0
Q3,3,8.38172,-3.0
Q3,1,0.00499335,3.0
