refdes,pin,voltage,current,rpin
VCOMP0,VCOMP0-0,8.394,6,0
VCOMP0,VCOMP0-1,0,-6,0
VCOMP1,VCOMP1-0,8.38138,-3,0.0333333
VCOMP1,VCOMP1-1,0.00941808,3,0.0333333
VCOMP2,VCOMP2-0,8.38172,-3,0.0333333
VCOMP2,VCOMP2-1,0.00499335,3,0.0333333
